{
    "Document Parsing (NED-LaTeX)": {
        "Scanned": 0.7132478665517284,
        "Photoed": 0.715749670088711
    },
    "Table Parsing (HTML-Sim)": {
        "Scanned": 0.6990777780714308,
        "Photoed": 0.566983886961906
    },
    "Model": "meta/llama-4-maverick-17b-128e-instruct",
    "Track": "English Document Parsing"
}